content,creationTime,score,productSize,location
之前就听朋友推荐过这个型号，也在网上看了很多评测，最终选择入手8+256，银色也是很耐看的颜色，客服回复的很快，发货也很快，是正品，去线下查过了,2023-04-03 22:30:14,5星评论,8GB+256GB,河南
终于鼓起勇气给我爸买了手机，在网上看了一圈，都说红米k40s性价比最高，买来之后发现屏幕真的很大，充电也很快，手感也好。我爸很喜欢，,2023-04-18 08:17:40,5星评论,8GB+256GB,山东
很快收到啦，很好看，好用，非常满意 ，性价比超高，很喜欢，推荐大家购买，同事都说很好，要了链接也要买一部,2023-04-12 16:29:38,5星评论,8GB+256GB,福建
绿色真的很好看！！！超级推荐！高端大气上档次。屏幕很清晰，音质也很清楚，运行速度也可以，256的内存也够用，充电也很快，也很耐电。个人感觉还不错，在相等价位下算很不错的强烈推荐绿色，真的很爱。,2023-04-22 12:43:54,5星评论,12GB+256GB,河南
行货正品！物流超快！客服服务态度好！功能强大！推荐大家购买！强力推荐买买买！行货正品！物流超快！客服服务态度好！功能强大！推荐大家购买！强力推荐买买买！,2023-04-12 17:26:54,5星评论,12GB+256GB,辽宁
手机屏幕挺大拿着合适，上下都有扬声器声音立体，背面反光挺炫酷外观好看，运行流畅拍照也清晰，各方面体验都还可以。,2023-04-07 15:50:38,5星评论,12GB+256GB,广西
店家发货挺快的，幻境配色颜值挺高，机身轻薄直角边框握持舒适，用着挺流畅电池也耐用，配置挺均衡的一款手机！,2023-04-07 16:59:33,5星评论,12GB+256GB,广西
外形外观：外观非常好看我买的黑色很漂亮 屏幕音效：音质很好 拍照效果：像素很好 运行速度：很流畅 待机时间：充满能用一天,2023-03-18 20:30:48,5星评论,8GB+256GB,山东
外形外观：好看耐用，颜色大气 屏幕音效：看电视蛮好的 拍照效果：清晰 运行速度：挺快的，没有卡顿 待机时间：充电很快,2023-02-08 09:41:40,5星评论,12GB+256GB,Not Found ip
性价比最高的一款手机，给家人买的，外观设计好看，拿在手上很有质感，运行速度流畅，拍照也很清晰！非常的不错！！,2023-03-27 19:36:44,5星评论,12GB+256GB,河南
给家里人买的，家里人说用的挺好挺顺畅，性价比还高，收到手机还送的有礼品，礼品也很好用，非常满意的一次购物,2023-03-28 14:08:36,5星评论,12GB+256GB,河南
手机收到了，?收到立马打开看了一下，非常不错，质量超好，颜值又高?，手机充电非常快，推荐推荐?，客服电话很好，快递也很快，红米手机很好用，喜欢的朋友快快购物,2023-03-17 16:03:15,5星评论,8GB+256GB,河南
一直用红米，继续支持新机；新机银色，质感一流，发货速度很快，运行速度也很快。卖家还额外赠送了屏保险，非常贴心噢！,2023-03-18 14:25:26,5星评论,8GB+256GB,四川
手机非常棒，本来就看好它，刚好在京东他到他们家的 k40s ，咨询了客服就立马下单，发货很快，京东次日都到了，非常棒！上手后手感好，运行非常棒！,2023-03-27 22:18:15,5星评论,12GB+256GB,河南
京东手机同等价位，找了性价比最高的，就只有红米了，这个顺滑用起来还是很不错的，一下子给老家家里人买了三台，这下好了，两年不用换了,2023-02-26 08:19:28,5星评论,12GB+256GB,Not Found ip
?宝贝收到了，颜色很好看，质感也很好，样子简单！?是我想要的！！并没有我之前的手机好用哦这家店铺也很没有责任心,2023-03-20 11:59:38,5星评论,8GB+256GB,河南
运行流畅系统功能强大，外观漂亮大气上档次，非常适合年轻人使用的机型，价位也便宜，经济实惠质量不错的，,2023-03-31 14:43:44,5星评论,12GB+256GB,河南
快递包装完好，满心欢喜，快递依然是那么给力！晚上下单第二天就送到了！点赞！遇到了点小问题，处理及时有效！售后服务，非常给力！续航能力，完全够用，玩**王者游戏，加刷刷短视频！一天以上！流畅！整体感觉还奈斯！,2023-03-14 09:53:16,5星评论,12GB+256GB,Not Found ip
一般，物流没在预定期限送达,2023-02-11 18:17:19,1星评论,12GB+256GB,Not Found ip
东西非常好 外形外观：很好看 屏幕音效：非常大 拍照效果：很清晰 运行速度：挺快的 待机时间：符合预期 其他特色：屏幕流畅度很好,2023-03-31 19:13:53,5星评论,8GB+256GB,陕西
收到货了，比想象中更好用，这个价格真的便宜，而且不错。选的8+256的，打游戏完全不在话下。性价比超高的。红米粉丝,2023-03-11 22:47:11,5星评论,8GB+256GB,Not Found ip
外形很好效果很好，配置好，红米依旧很便宜，值得推荐外形很好效果很好，配置好，红米依旧很便宜，值得推荐外形很好效果很好，配置好，红米依旧很便宜，值得推荐外形很好效果很好，配置好，红米依旧很便宜，值得推荐,2023-03-05 19:53:38,5星评论,12GB+256GB,Not Found ip
好！非常好！质量好，和实体店一样，颜色正，是我喜欢的是正品，而且价格不贵，用着也很大气，一直在用，很好??材质结实，手感好，很得劲，物流也快，性价比很高，值得购买,2023-02-11 09:34:38,5星评论,12GB+256GB,Not Found ip
红米K40S性价比很高，同价位配置用料绝对良心，拍照也不错，商家发货也快，售后也有保证，大家可以放心购买！,2023-02-05 20:39:14,5星评论,12GB+256GB,Not Found ip
给我自己的生日礼物。买之前看了好多款手机，最终选的性价比最高的k40，收到货后，真的没失望，手机拿在手上很漂亮，运行流畅，拍照也很清晰！！很喜欢！,2023-03-16 14:49:54,5星评论,12GB+256GB,Not Found ip
用了几个小米旗下的手机了，红米四个不错的选择，用起来很不错，可以得很，有缘的，有需要的，去购买尝试一下,2023-03-15 21:15:06,5星评论,8GB+256GB,Not Found ip
非常的流畅，很好用，这款手机性价比非常高，收到货很满意。质量非常好，完全超出期望值，发货速度非常快，包装非常仔细、严实，很满意的一次购物,2023-03-25 16:36:27,5星评论,8GB+256GB,山西
要问今年性价比最后的手机是哪款，我选红米K40S，表姐前两天打电话让我给她推荐一部手机，她的手机实在是用不成了，我直接给她选了红米K40S，骁龙870的 CPU 足够用了， 12+256的配置，5年内都不会卡了，双扬声器，67w快充， 4500的电池，这样的配置再加上1799元的价格，性价比高的不要不要的,2023-03-09 14:11:47,5星评论,8GB+256GB,Not Found ip
手机非常好，发货速度很快，包装非常好，拿到手第一时间就打开了，反应速度很快，物美价廉，下次有需要还会来购买。,2023-03-25 19:21:41,5星评论,12GB+256GB,河南
外形外观：外形尺寸标准和详情说的一样 屏幕音效：非常好 屏幕亮度自动调节 新音效有很多特色 拍照效果：拍照还不错，夜景不错 运行速度：运行速度特别快，12G用着特别好 待机时间：待机时间真的不错，很给力,2023-03-11 09:55:56,5星评论,12GB+256GB,Not Found ip
整体效果还不错，就是突然换手机，操作不太习惯，慢慢会好的。这是用手机拍的相片，感觉不错 拍照效果：不错 屏幕音效：很好。,2023-03-21 17:50:07,5星评论,8GB+256GB,广东
红米K40S作为K40系列的升级延续，可以说在此前的基础上将弱势方面进行了升级，尤其在设计上，更加时尚的设计以及手感可以获得好评，而在充电方面的提升也是体验提升点之一，而通过OIS加持的相机也让拍照更加方便好用，一切都以好用为主，这就是红米K40S呈现在人们面前的形象。,2023-03-30 20:47:01,5星评论,12GB+256GB,广东
屏幕音效：屏幕高清 拍照效果：拍照清晰像素高 运行速度：速度流畅 待机时间：电池耐用 外形外观：外观好看,2023-03-28 14:52:45,5星评论,12GB+256GB,浙江
买给母亲用的，老年人喜欢屏幕稍微大点的，东西不错，唯一的缺点就是好像运送时间有点久，产品本身没有任何问题。,2023-02-09 10:58:25,5星评论,8GB+256GB,Not Found ip
感觉可以，价格也不是很贵吧，可以将就着用着，如果你有更多的钱，也可以买更好的，但是不得不说这个价格买到这种很不错了,2023-03-01 19:54:02,5星评论,12GB+256GB,Not Found ip
外形外观：一如既往的大气。 屏幕音效：清晰流畅，音效非常棒 拍照效果：拍照清晰，特别是人像，比隔壁苹果好多了。 运行速度：流畅无比 待机时间：超长待机，两天没问题。,2023-01-18 15:10:48,5星评论,12GB+256GB,Not Found ip
通信音质：很好 其他特色：手机屏幕足够大，手感非常好，使用很流畅，暂时没有发现卡顿，买来给家人使用 ，这个配置已经足够用啦。手机外观颜色挺漂亮的，屏幕等显示正常，运行速度快，电池耐用，手机续航时间长，67w快充充电飞快。无论是拍照还是拍视频画面都挺清晰的，同时有防抖动功能，手机性价比高。手感也不错。非常高兴的一次购物。,2023-01-13 09:22:50,5星评论,12GB+256GB,Not Found ip
物流很快，包装精美完好无损，手机质量好，外观漂亮好看，握着手感好，卖家服务态度好，耐心解说，屏幕色彩靓丽，是当今流行的机型，内存运行速度快，网速流畅不会卡，像素高拍照清晰，支持面部和指纹解锁，充电速度快，电池待机久，关键价格很实惠，物超所值。,2023-01-24 13:52:26,5星评论,12GB+256GB,Not Found ip
商品丢失 两个月了才赔付,2023-04-23 20:30:34,1星评论,8GB+256GB,甘肃
收到手机了，刚打开试用了下，手机性能很好，外观好看，手机质量也很好，是我想要的一款新手机，卖家服务态度很好，发货很快，物流也很给力。,2022-11-18 20:54:57,5星评论,8GB+128GB,Not Found ip
质量不错，物流很快，第二天就到了，用了几天游戏和平精英王者荣耀运行流畅，拍照也不错，很清楚音质也很好，客服服务态度很好，一边看电影一边看电影一边开始充电，满100%电30分钟充满性价比高，满意的一次网购,2022-11-29 19:22:21,5星评论,8GB+256GB,Not Found ip
手机很快就到了，全新正品出，包装很仔细，没有问题宝贝收到啦，实物真的好看，价格非常实惠，强烈推荐这款，超级喜欢已经用过一段时间了,2022-11-08 21:30:32,5星评论,12GB+256GB,Not Found ip
真的很好，用一天，性价比也很高，质量也很好，物流也快啊！特别特别满意，超级好看，客服很有礼貌，很客气，良心商家，支持！,2023-01-02 19:52:50,5星评论,8GB+256GB,Not Found ip
外形外观：外观漂亮 屏幕音效：非常好 拍照效果：拍照效果非常好 运行速度：运行速度快 待机时间：待机时间长,2022-12-23 18:39:36,5星评论,12GB+256GB,Not Found ip
手机收到用了两天，非常的流畅，很好用，这款手机性价比非常高，收到货很满意。质量非常好，完全超出期望值，发货速度非常快，包装非常仔细、严实，很满意的一次购物,2022-12-15 12:41:45,5星评论,12GB+256GB,Not Found ip
终于收到给我妈买的手机了，东西很好，小米手机价美物廉，谢谢掌柜的!掌柜态度很专业热情，有问必答，回复也很快，我问了不少问题，他都不觉得烦，都会认真回答我。再说宝贝，正是我需要的，收到的时候包装完整，打开后让我惊喜的是，宝贝比我想象中的还要好!不得不得竖起大拇指。下次需要的时候我还会再来的！,2023-01-29 22:33:04,5星评论,8GB+256GB,Not Found ip
系统非常的丝滑，外观也是我想要的颜色。疫情期间快递慢了些，其他都OK。直面屏玩游戏很方便。设计的直角边外观大气了不少。小爱同学很好用。总之很满意的一次购物。,2023-01-04 02:49:56,5星评论,12GB+256GB,Not Found ip
手机收到发货很快，手机包装仔细挺好，这个手机外观好看手感不错，系统流畅待机时间长充电挺快的，有需要下次还会再买的。,2022-11-06 10:54:39,5星评论,12GB+256GB,Not Found ip
用了一个星期来和大家分享一下，手机非常流畅，运行速度很快，拍照清晰，性价比非常高，对此款手机感兴趣的友友们，可以多多的关注一下,2023-01-15 11:41:48,5星评论,8GB+256GB,Not Found ip
双十二活动价格太划算了，手机非常漂亮，运行流畅，拍照清晰，充电也特别快，性价比非常高的一款手机，强烈推荐！,2022-12-18 06:50:51,5星评论,12GB+256GB,Not Found ip
手机很好。心仪已久，果断下手，用过之后感觉很不错，是正品，快递也很给力，果然名副其实。宝贝收到了，很惊喜，质量非常好，很满意的一次购物。我会继续回购的，店家值得信赖,2023-01-30 14:58:21,5星评论,12GB+256GB,Not Found ip
非常值得信赖的品牌，质量有保障，选了很多款最终还是选择了K40S，体验了两天性能方面没得说，特别是立体音响非常棒，相当满意！,2022-12-05 21:54:56,5星评论,12GB+256GB,Not Found ip
外形外观：流畅大气，简单的大气！  屏幕音效：屏幕大小刚刚好！ 拍照效果：照片清晰，不失真！ 运行速度：特别快，流畅的很！！ 待机时间：长，电很耐用，充电也快！ 其他特色：回购了，性价比超高！除了不太喜欢代言人外，其它都挺好！,2023-01-26 12:17:02,5星评论,12GB+256GB,Not Found ip
搓手手万分期待的东西终于到手。内心那个炽热激动的劲儿涌上来止都止不住！！！觉得东西不错我就会给好评宝贝产品质量很好，是正品。和页面描述写的基本一致，卖家的客服服务态度从头到尾都很好，快递发货速度超快,2023-01-17 12:19:50,5星评论,8GB+256GB,Not Found ip
包装到位，充气塑料让宝贝高枕无忧！发货速度快，真是意外之喜！提前两天送达！手机是全新的，朋友介绍说京东买电子产品准成！非常满意的一次购物！,2022-12-13 19:09:42,5星评论,12GB+256GB,Not Found ip
手机收到是正品，外观很好看。买回来给父母用刚刚好。快递送达的时间比预计的时间快多了。一次愉快的购物体验。,2023-01-26 12:15:58,5星评论,12GB+256GB,Not Found ip
拿起来手感很好，刷新率特别快，充电速度也很快，带电时间长，空间足够大，拍照也特别清晰，总之来说非常好，建议购买,2022-12-18 18:42:16,5星评论,8GB+256GB,Not Found ip
可以非常的好用，性价比很高，外观也很不错，小米系统很未定，看视频和打游戏很流畅，是千元机里很强的一部手机。,2022-12-18 20:07:34,5星评论,8GB+256GB,Not Found ip
不错，不错，性价比高，以后会经常光顾这质量真是太意外了，实物美美哒，触感很好，很推荐哦~质量非常好，客服态度非常非常赞，有问题及时给解决了比平时要便宜，特别特别满意?，超级好看?，客服很有礼貌，很客气，良心商家，支持！客服服务态度很好，快递也不赖，希望老板生意越来越好！！！,2023-01-08 09:56:47,5星评论,8GB+256GB,Not Found ip
感觉像翻新机     跟我在自营店买的都不是一个感觉,2023-04-04 11:45:06,1星评论,8GB+256GB,重庆
宝贝收到了，很惊喜，质量非常好，很满意的一次购物。我会继续回购的，店家值得信赖宝贝很好，不得不说，客服态度也太好了吧！是正品，和实体店一样，价格还优惠，果断转粉,2023-01-24 09:44:19,5星评论,12GB+256GB,Not Found ip
外形外观：好 屏幕音效：好 拍照效果：好 待机时间：一般 牛的牛的牛的 绝对是精神的季节可查看大家都觉得不能开车接电话都不懂办法解决弟弟放假就放假就放假现金大奖可查看西方经济的,2023-01-20 14:16:25,5星评论,12GB+256GB,Not Found ip
是给爸爸买的给他用，买之前也做过了解，说一下优点； 1、性能方面，红米K40S这款手机采用的是高通骁龙 870性能铁三角组合，是能够满足广大消费者在各种场 景使用手机的需求的。 2、屏幕方面，红米K40S这款手机采用了一块120赫兹刷新频率E4材质1080P屏幕，日常使用是非常流畅而且丝滑的。 3、拍照能力方面，红米K40S这款手机采用的是前一后三的相机组合，前置摄像头的像素为2000万像素，而后置相机则采用的是&ldquo;4800万（MX582）+800万像素广角+200万像素微距&rdquo;相机模组，支持OIS光学防抖功能，像素还可以的。 4、散热能力方面，红米K40S这款手机采用的是VC液冷散热，液冷散热面积相比较于上一代来说，有着400%的提升。 5、续航能力方面，红米K40S这款手机所搭载的电池容量为4500毫安，支持67瓦的有线快充，差不多40分钟可完全充满。 缺点： 1、红米K40S这款手机并没有保留独立的耳机接口。 2、红米K40S这款手机采用的是侧面指纹识别解锁，对于长辈他们使用可能用来不怎么习惯，爸爸个人就不太喜欢指纹解锁，他说有时候工作解锁不灵敏。,2023-01-22 18:02:41,5星评论,12GB+256GB,Not Found ip
存储12+256，870芯片，够用，画质清晰，背面玻璃质感，侧面金属质感，感觉高大上。B站播放视频没有压力。运行速度没问题，价格不贵，性价比不错。。。不用来打游戏，希望能用久一些。,2022-12-15 20:02:30,5星评论,12GB+256GB,Not Found ip
去年买过一次，屏幕大，充电快，性价比高，所以长辈换手机又买了一台这个型号的，手机还是用过好的好，物流也快！,2023-01-23 10:34:21,5星评论,12GB+256GB,Not Found ip
外观设计漂亮，尺寸大小合适，包装仔细完整，宝贝手感不错，感觉很好，发货速度快，服务态度一流，给力！5星好评！物流很快，物品完好无损，用起来很舒服，喜欢?,2023-01-20 19:29:48,5星评论,12GB+256GB,Not Found ip
拍照效果：终于买到满意的商品了，超出期望，非常喜欢，身边的人都问我要链接价格实惠，质量杠杠的，非常好的一次购物，下次还来,2023-01-06 18:43:51,5星评论,12GB+256GB,Not Found ip
一直认准小米的品牌，这次又是一次很好的购物体验，很好用，外观很好看，操作很很流畅，支持一下???,2022-12-26 21:45:26,5星评论,8GB+256GB,Not Found ip
无论材质还是做工都超出了预期，超值，穿起来也很好看哦。卖家发货也比预计提早了很多，还会再来。买吧，不会后悔的哦！全五分。宝贝收到了很喜欢还会回购的卖家态度也很喜欢还会回购的卖家态度也很喜欢,2022-12-23 14:01:07,5星评论,12GB+256GB,Not Found ip
"大品牌，用起来很放心，质量非常好，赶上活动购买非常的划算,客服真的很不错哦～一如既往的好品质，非常喜欢的一款产品，非常棒！o(*￣幔*)o",2022-12-23 13:51:57,5星评论,12GB+256GB,Not Found ip
外观好看，键盘用舒适，触屏灵敏，网速快 拍照效果：好 运行速度：快 屏幕音效：好 外形外观：好看 待机时间：长,2023-01-27 16:12:18,5星评论,12GB+256GB,Not Found ip
昨晚收到的手机，安装好已经在使用了，运行速度快，使用方便，手机相对轻薄，已经是这次双十一以来买的第二个k40s了,2022-11-25 12:56:10,5星评论,12GB+256GB,Not Found ip
质量不错，物流很快，第二天就到，用了几天，游和平精英和王者荣耀运行很顺畅，拍照也不错，很清晰，音质也很好，客服服务态度很好，一边看电影一边从5％开始充满100电30多分钟充满，性价比高，满意的一次网购。,2022-10-22 20:46:54,5星评论,12GB+256GB,Not Found ip
绿色真的很好看！！！超级推荐！高端大气上档次。屏幕很清晰，音质也很清楚，运行速度也可以，256的内存也够用，充电也很快，也很耐电。个人感觉还不错，在相等价位下算很不错的 强烈推荐绿色，真的很爱。,2023-03-15 17:12:59,5星评论,8GB+256GB,Not Found ip
手机手感很好， 屏幕音效：很好 拍照效果：像素很好，拍照清晰， 运行速度：速度很快，内存够大  其他特色：颜值高,2022-10-22 11:26:40,5星评论,12GB+256GB,Not Found ip
手机很好，查询了是正品，搭配的手机壳非常合身，给你们看看视频，视频手机壳是刚买的。,2023-01-08 20:22:55,5星评论,12GB+256GB,Not Found ip
要问今年性价比最后的手机是哪款，我选红米K40S，表姐前两天打电话让我给她推荐一部手机，她的手机实在是用不成了，我直接给她选了红米K40S，骁龙870的CPU足够用了，12+256的配置，5年内都不会卡了，双扬声器，67w快充，4500的电池，这样的配置再加上1799元的价格，性价比高的不要不要的,2022-12-29 21:37:46,5星评论,12GB+256GB,Not Found ip
商品很好， 外形外观：好看 屏幕音效：好 拍照效果：好 运行速度：快 待机时间：长,2023-01-12 15:44:57,5星评论,12GB+256GB,Not Found ip
简单大方，很滑溜的屏幕音效：清晰明了，真的不错拍照效果：多模式快速拍照，也不错哦运行速度很快。,2023-02-05 14:26:38,5星评论,12GB+256GB,Not Found ip
屏幕清晰，外形好看，拍照流畅，处理器相当牛，充电时间非常快，大内存双扬声器，非常满意的购物。,2022-11-30 09:37:52,5星评论,12GB+256GB,Not Found ip
给爸爸买的，他很喜欢，看电视玩游戏都嘎嘎得劲儿，画质清晰运行快,2022-12-28 17:11:04,5星评论,12GB+256GB,Not Found ip
手机真的非常好用，运行速度快，价钱便宜，不到二千块可以买到真的是太划算了，拍照也挺不错,2023-03-21 21:53:03,5星评论,8GB+256GB,广西
外形外观：外形尺寸标准和详情说的一样 屏幕音效：非常好 屏幕亮度自动调节 新音效有很多特色 拍照效果：拍照还不错，夜景不错 运行速度：运行速度特别快，12G用着特别好 待机时间：待机时间真的不错，很给力 其他特色：白色的机身很加分，很好看,2023-01-20 15:23:26,5星评论,12GB+256GB,Not Found ip
很满意。到货很快 屏幕音效：满意 外形外观：好看 ? 拍照效果：还可以 运行速度：刚好合适,2023-01-15 14:41:03,5星评论,12GB+256GB,Not Found ip
运行速度很快，音质很好，打游戏不开，手机性价比很高，小米品牌值得拥有。,2023-01-22 23:39:42,5星评论,12GB+256GB,Not Found ip
包装完好无损，发货迅速，送货上门，第二天就收到啦。运行流畅，极速充电，体验很好???,2023-03-14 10:16:41,5星评论,8GB+256GB,Not Found ip
用这个手机手感挺好的，打游戏也很流畅，拍照也很清晰，使用体验感挺好的。,2023-03-26 10:39:52,5星评论,12GB+256GB,湖北
手机非常好是正品没激活 外形外观：好看 屏幕音效：特别好 拍照效果：好 运行速度：好 待机时间：长,2023-01-06 21:02:22,5星评论,8GB+256GB,Not Found ip
这个手机还是非常好看的，系统流畅，待机时间长，色彩饱和度不错，然后图片是它相机拍的,2022-10-14 09:52:39,5星评论,12GB+256GB,Not Found ip
充电速度快  待机时间还可以 拍照效果：很好 屏幕音效：正品 运行速度：很快,2023-01-17 18:09:16,5星评论,12GB+256GB,Not Found ip
网速快，拍照效果清晰色彩漂亮，功能也多，充电特快，很喜欢。,2022-12-21 16:48:33,5星评论,8GB+256GB,Not Found ip
货已收到，孩子很喜欢，看上去是很不错的手机，期待好用，后续还会有追评。,2023-03-24 06:43:13,5星评论,12GB+256GB,河北
运行内存很大，很流畅。屏幕刚好合适。小米换机也很好用拍照效果不错不错。电池耐用，67w充电很快。,2022-12-30 16:42:22,5星评论,12GB+256GB,Not Found ip
机器挺好的，外观漂亮，性能也很强烈，玩游戏的时候就觉得特别流畅，很不错的一款手机，,2023-03-31 14:40:18,5星评论,12GB+256GB,河南
手机非常流畅，屏幕清晰，音效可以。系统很完善，充电速度很快！价格实惠，性价比非常高。,2023-03-17 21:57:08,5星评论,12GB+256GB,广东
给老人买的手机  很喜欢，性能没的说，充电超级快，京东物流也很棒！,2023-03-10 06:20:15,5星评论,8GB+256GB,Not Found ip
质量很好，物流也非常给力，拍照清晰打游戏也非常流畅，总体来说很不错?。,2023-03-26 16:57:43,5星评论,12GB+256GB,河南
手机一打开就是我喜欢的样子，没有破损，物流很快，之前看过很久了，终于下手了。不出所望，一如既往支持,2023-03-22 16:14:05,5星评论,12GB+256GB,广东
手机非常流畅，外观好看，拍照清晰，价格实惠值得购买，12+256G一点都不会卡顿，充电速度很快,2023-03-17 17:44:54,5星评论,12GB+256GB,广东
物流送的很快，手机用着很流畅，果真是一代神级处理器，价格很实惠！！！真的很喜欢！,2023-03-27 13:49:38,5星评论,12GB+256GB,河南
非常漂亮，工业设计天花板，直角边框，直屏。游戏体验也相当棒！非常满意！,2023-02-19 18:02:33,5星评论,12GB+256GB,Not Found ip
手机很快就收到了，发货速度快，包装也好，外观好看，手感也很好，性价比高，运行流畅，值得购买,2023-04-08 17:05:09,5星评论,12GB+256GB,湖南
手机质量很好，做工精细，很漂亮，性能流畅，运行速度很快,2023-03-27 21:54:09,5星评论,12GB+256GB,河南
很喜欢小米系列，第一台手机就是红米，转眼就十年了，现在再次购买红米系列，真感慨万千，支持喜欢！,2023-03-07 20:48:49,5星评论,8GB+256GB,Not Found ip
手机非常好，一直用的都是小米的品牌，家里空调，电视，洗衣机，烧水壶等都是小米的，也没出现过问题,2023-03-26 15:12:29,5星评论,12GB+256GB,河南
手机非常流畅，外观也很漂亮，值得购买,2023-01-11 21:18:15,5星评论,12GB+256GB,Not Found ip
手机质量很好 没啥问题 是正品  大容量内存 用起来就是爽  非常满意,2023-03-26 14:52:47,5星评论,12GB+256GB,江苏
手机很流畅，发货很快，老父亲在过年前就收到了，很开心。而且还有67瓦的充电器。不错。,2023-02-06 17:01:13,5星评论,12GB+256GB,Not Found ip
手机用着挺好的，挺快的，看视频啥的都很快，是正品，收到后特地用了几天才来评价的，好,2023-03-24 15:04:21,5星评论,12GB+256GB,江苏
在京东买电子产品放心！手机颜色漂亮！轻薄高端大气！非常满意！,2023-04-20 17:20:50,5星评论,12GB+256GB,辽宁
很喜欢 大小感觉正好 没有厚重感，拿着便捷，手机内存功效都够用,2023-01-31 10:19:52,5星评论,12GB+256GB,Not Found ip
颜色非常漂亮，特别喜欢，价格也可以，能接受。客服耐心解答，还会再来买,2023-02-09 15:27:09,5星评论,12GB+256GB,Not Found ip
终于等到新机到了 入手很有质感 用起来很丝滑 和网上介绍一样 很值得,2022-12-21 14:22:36,5星评论,12GB+256GB,Not Found ip
红米手机特别好，功能全面，速度快，拍照效果特别好，充电特别快,2023-03-01 23:06:51,5星评论,8GB+128GB,Not Found ip
物流速度超快，包装完好，拆开后开机设置激活流畅运行，非常漂亮，手感极佳,2023-01-05 16:15:36,5星评论,12GB+256GB,Not Found ip
外形外观：很满意，不错 屏幕音效：很符合要求 运行速度：很快,2023-03-06 11:11:25,5星评论,12GB+256GB,Not Found ip
收到手机外观不错很不错，非常满意！真的很好，性价比也很高，质量也很好，物流也快啊！一天就到货了！,2022-10-22 15:59:50,5星评论,12GB+256GB,Not Found ip
手机外观挺漂亮，操作手感也不错。功能需要慢慢熟悉，给五星好评,2023-03-10 11:55:51,5星评论,12GB+256GB,Not Found ip
质量不错，手机很好用，物流顺速， 外形外观：很好看，很满意,2023-02-12 20:00:15,5星评论,8GB+256GB,Not Found ip
红米老用户了，双十二换k40s，外观优秀，使用流畅。完美，产品很惊艳，性价比合适，希望用的长久！,2022-12-13 17:54:55,5星评论,12GB+256GB,Not Found ip
外形外观：白色大气好看 屏幕音效：屏幕质量很好 拍照效果：拍照清晰 运行速度：流畅 待机时间：长 其他特色：金属边框质感很好,2023-01-13 14:21:27,5星评论,12GB+256GB,Not Found ip
非常好的一款宝贝，用着很方便，也不占地方，很实用，非常非常,2023-02-05 23:56:24,5星评论,12GB+256GB,Not Found ip
非常快的收到货了  打开一看很惊喜  喜欢  速度很快,2023-03-04 15:47:55,5星评论,12GB+256GB,Not Found ip
手机已经收到，配色非常好看，低调沉稳，背壳磨砂玻璃+不锈钢边框，非常精致拿在手上有一种高级感，A14+IOS14相得益彰，性能强大系统流畅，拍照效果比上一代有了明显提升。使用效果太棒啦！强烈推荐购买！,2023-03-23 10:08:03,5星评论,12GB+256GB,湖北
手机手感很好颜色非常漂亮，相机的像素也比较完美，照出的照片很好看。主要是红米手机简直是物美价廉。,2023-02-08 17:30:50,5星评论,12GB+256GB,Not Found ip
外形外观：好看 屏幕音效：很好 拍照效果：很棒 运行速度：很快 待机时间：很长,2023-04-21 12:43:59,5星评论,12GB+256GB,广西
昨天下午下的单，今天中午就收到了，商家发货速度快，物流也很快，手机颜值也很高,2023-03-08 16:31:33,5星评论,12GB+256GB,Not Found ip
手机收到了，很不错，上档次，颜色也很漂亮，推荐大家购买！,2023-02-08 20:32:36,5星评论,12GB+256GB,Not Found ip
物流挺快的，两天不到就收到货了。一直用红米的手机手机用着很流畅，体验感很好,2023-01-11 17:22:51,5星评论,12GB+256GB,Not Found ip
外形外观：时尚 屏幕音效：非常棒 拍照效果：非常棒 运行速度：很快 待机时间：一天一充,2023-01-09 13:02:13,5星评论,12GB+256GB,Not Found ip
外形外观：好 屏幕音效：好 拍照效果：好 待机时间：一般 牛的牛的牛的 绝对是精神的季节可查看大家都觉得不能开车接电话都不懂办法解决弟弟放假就放假就放假现金大奖可查看西方经济的,2023-01-08 19:50:53,5星评论,12GB+256GB,Not Found ip
电池很耐用。很喜欢的款式运行很流畅。妹妹爱不释手,2023-03-27 17:18:22,5星评论,12GB+256GB,河南
手机用起来很流畅，一年都不卡顿，性价比很高，很实惠的一款手机,2023-04-01 21:25:00,5星评论,12GB+256GB,河南
东西很喜欢，质量也很好的，这个价格能买到是真的很划算发货速度很快，卖家服务也好，目前很满意。,2023-01-20 13:32:54,5星评论,12GB+256GB,Not Found ip
本来还很担心东西不好，拿到手发现完全多虑了，五星好评,2023-04-06 20:32:34,5星评论,8GB+256GB,江苏
屏幕刷新率高，显示效果细腻，很不错的一台手机。,2023-03-11 21:17:17,5星评论,8GB+256GB,Not Found ip
物超所值，商品设计完美，外观也很高大上，让人爱不释手。客服更是热情的没话说，这次购物很满意！,2023-03-15 21:43:25,5星评论,12GB+256GB,Not Found ip
K40S 无论是颜值还是使用，在同价位里绝对是首先，性价比高而且运行速度也不慢，非常喜欢。,2023-03-13 14:15:40,5星评论,12GB+256GB,Not Found ip
给老爷子买的，收到货之后很满意。手机运行速度很快。够用,2022-12-26 10:18:32,5星评论,12GB+256GB,Not Found ip
宝贝已收到，非常流畅，一点也不卡，充电也很快！,2023-03-15 20:00:50,5星评论,8GB+256GB,Not Found ip
手机全新，使用流畅，外观也好看，推荐推荐真的性价比超级高,2022-12-19 19:19:40,5星评论,12GB+256GB,Not Found ip
用了一天，感觉手机不错，音质、屏幕、流畅度、相机都还不错，内存够大，给五星好评,2022-11-16 01:11:50,5星评论,12GB+256GB,Not Found ip
质量很好 包装很用心 用得很流畅 尺寸也刚刚好,2023-02-02 18:45:31,5星评论,8GB+128GB,Not Found ip
宝贝收到咯??，是正品，真的很棒呀！?质量真是没话说，非常满意！?开心开心?！,2023-03-16 20:36:42,5星评论,12GB+256GB,Not Found ip
手机收到了，是新机，很流畅很丝滑，建议购买,2022-10-27 13:46:08,5星评论,12GB+256GB,Not Found ip
不错，喜欢，性价比高，以后会经常光顾这质量真是太意外了，实物美美哒，触感很好，很推荐哦~质量非常好，客服态度非常非常赞，有问题及时给解决了比平时要便宜，囤了不少，特别特别满意?，超级好看?，客服很有礼貌，很客气，良心商家，支持！客服服务态度很好，快递也不赖，希望老板生意越来越好！！！,2022-11-18 21:34:15,5星评论,12GB+256GB,Not Found ip
外形外观：和商品展示的一样好看，父母觉得特别好 拍照效果：拍照清晰度十分清晰，色彩鲜艳亮丽,2023-02-08 18:05:35,5星评论,8GB+128GB,Not Found ip
外形外观：外观精致 屏幕音效：屏幕素质好，音效震撼 运行速度：运行速度杠杠的,2023-02-16 17:52:40,5星评论,12GB+256GB,Not Found ip
手机好看，运行内存很大，使用流畅，屏幕显示色彩鲜艳,2023-03-15 12:05:50,5星评论,12GB+256GB,Not Found ip
很快就收到了，也便宜，是新机，现在的系统870还是不错的。值得买,2023-03-28 10:17:53,5星评论,8GB+256GB,广东
非常好！系统流畅，反应挺快的，照片也挺清晰，性价比高。,2023-01-06 19:50:13,5星评论,12GB+256GB,Not Found ip
会黑屏，有问题需要鉴定，只能换不能退。,2023-03-19 13:07:42,1星评论,8GB+256GB,重庆
不错，不错，性价比高，以后会经常光顾这质量真是太意外了，实物美美哒，触感很好，很推荐哦~质量非常好，客服态度非常非常赞，有问题及时给解决了比平时要便宜，囤了不少，特别特别满意?，超级好看?，客服很有礼貌，很客气，良心商家，支持！客服服务态度很好，快递也不赖，希望老板生意越来越好！！！,2022-12-16 15:30:53,5星评论,12GB+256GB,Not Found ip
真的超级喜欢，质量非常好，与卖家描述的一致！,2023-03-24 18:11:04,5星评论,12GB+256GB,河南
手机性价比高，外观漂亮，用起来很流畅，这个阶段物流速度必须点赞,2022-12-21 10:02:51,5星评论,12GB+256GB,Not Found ip
品质一级棒，包装也不错，物流很快，而且价格合理，很实惠，很喜欢,2022-11-22 14:39:26,5星评论,12GB+256GB,Not Found ip
小米手机，我家里人近年来一直选购的手机，简单好用，性价比高。非常棒,2023-02-11 20:03:06,5星评论,12GB+256GB,Not Found ip
全家陆续买了3台k40s 绝对的性价比手机，质量也不错，各方面都比较均衡，很实用的。,2023-03-09 09:07:12,5星评论,8GB+256GB,Not Found ip
头天晚上下单，第二天就收到，非常满意。颜值高，运行速度非常流畅，屏幕分辨率清晰，手握感觉舒适，玩游戏看视频不卡顿。启动APP也迅速。商家还随商品赠送了很多的礼品，好开心。总之一句话，性价比超高的一款手机！,2023-04-07 21:45:48,5星评论,12GB+256GB,上海
手机确实很不错，收到后第一时间检查，确实是全新、未开封、未激活的正品，值得信赖，很满意的一次网购！,2023-03-11 12:00:28,5星评论,12GB+256GB,Not Found ip
拿回来用了，性能不错，电池耐用，声音挺大，音质不错，店家态度很好，很满意，好评。,2023-01-13 20:11:38,5星评论,12GB+256GB,Not Found ip
特别喜欢，速度很快，质感很好，性价比很高的一款手机,2023-01-07 11:17:58,5星评论,12GB+256GB,Not Found ip
外形外观：精致 屏幕音效：杜比音效很好 运行速度：流畅 不错购买体验,2023-01-04 12:42:03,5星评论,12GB+256GB,Not Found ip
打开后发现，确实不错，价钱实惠，触感很好?,2023-03-12 14:16:19,5星评论,8GB+256GB,Not Found ip
机器不错，买来给老人用的，老人很喜欢。看中nfc，跟红外，功能全面&hellip;&hellip;,2023-04-05 16:17:05,5星评论,8GB+256GB,海南
很快就到了，全新正品?，包装很仔细，没有问题很而且还送了一张上网卡，很不错啊,2023-02-04 12:24:29,5星评论,12GB+256GB,Not Found ip
一直都用的小米，挺好用的，很流畅，很喜欢！！,2023-03-24 15:32:08,5星评论,12GB+256GB,江苏
很快就到了，全新正品?，包装很仔细，没有问题,2023-04-17 21:17:49,5星评论,8GB+256GB,广东
速度快，非常不错，手感很好，太值了，双喇叭是真的舒服啊，,2023-01-14 09:00:25,5星评论,12GB+256GB,Not Found ip
手机很好    物流很快   服务态度很好    很喜欢,2023-04-19 10:59:45,5星评论,12GB+256GB,吉林
性价比之王，爱了爱了，价格实惠，很满意，一直在用红米手机，各方面都很好,2023-01-13 23:00:27,5星评论,8GB+128GB,Not Found ip
特别特别特别好，没有任何破损的地方，外观也好看，好评！用起来感觉很不错,2023-01-10 22:50:18,5星评论,12GB+256GB,Not Found ip
外形外观：特别喜欢 屏幕音效：特别喜欢 拍照效果：特别喜欢的人,2023-04-03 23:58:32,5星评论,8GB+256GB,河北
手机到货非常快，手机用起来流畅，充电也很快，给力,2023-03-10 19:27:03,5星评论,8GB+256GB,Not Found ip
感觉性价比很高，机子方方正正很nice，重量也ok。,2022-11-28 11:48:35,5星评论,12GB+256GB,Not Found ip
宝贝收到了，质量很不错，包装精致，材质优秀，比想象中好，送礼自用非常合适，下次继续购买,2023-04-23 19:10:07,5星评论,12GB+256GB,湖南
收到货了，手机很好用，也非常流畅充电也非常快，,2023-03-22 08:44:49,5星评论,8GB+256GB,山东
充电特别快就电满了，已经第三次买小米手机，性价比高,2022-12-25 19:30:46,5星评论,12GB+256GB,Not Found ip
性价比超高 配置高 很喜欢 值得购买,2023-03-27 21:17:24,5星评论,8GB+256GB,山东
物流很快，京东小哥服务很好，手机外包装很暖心。手机不错,2023-01-15 20:11:06,5星评论,12GB+256GB,Not Found ip
手机性能整体不错，音效很好三D环绕音，电量待机时间大概一天也没有关机情况。,2023-01-31 10:24:57,5星评论,12GB+256GB,Not Found ip
物流很快两天就收到了，用了半个月才来评价，运行速度很快，打游戏一点都不卡，性价比很高的一款手机。,2023-03-29 17:20:19,5星评论,8GB+256GB,浙江
拍照效果：很不错 屏幕音效：比较优 外形外观：华丽耐看,2023-03-18 02:15:39,5星评论,8GB+256GB,山东
外观漂亮，音效很好适合听歌充电快,2023-01-12 16:58:20,5星评论,12GB+256GB,Not Found ip
外观超级好看，手感也不错，充电也挺快的，,2022-10-19 14:09:42,5星评论,12GB+256GB,Not Found ip
手机收到了，质量很不错，银色看起来很大气，性价比很高，用起来挺不错的,2023-03-24 17:59:02,5星评论,12GB+256GB,河南
用了觉得很不错，商品质量好，发货也挺快的，总之就是很赞了物流速度真的是没话说，就是一个字：快。商品从外包装来看非常高档，真是一分钱一分货，贵有贵的道理,2023-04-22 17:34:41,5星评论,12GB+256GB,江苏
手机物流很快，收到后就运行试了下，很流畅，充电也很给力 20分钟基本就冲满了！赞一个！,2022-12-18 22:13:04,5星评论,12GB+256GB,Not Found ip
感觉分辨率很高，相机的光学防抖也超赞，学生党闭眼入手绝对不亏,2023-02-11 10:40:41,5星评论,12GB+256GB,Not Found ip
发货速度快，包装好，手机打开非常喜欢，新颖，运行流畅。性价比非常高，下次如果有需要还会来购买。,2023-03-25 19:46:17,5星评论,12GB+256GB,河南
外观设计漂亮，音质很好，拍照清楚，运行速度快，特别满意。,2023-03-25 11:18:11,5星评论,8GB+256GB,湖南
手机收到了，使用起来非常不错，性价比很高的一款手机,2023-04-01 21:22:48,5星评论,12GB+256GB,河南
很好用，还送了碎屏险，为保障服务还送运费险，良心商家，打游戏试了试，牛皮，一点不卡,2023-03-27 21:58:58,5星评论,12GB+256GB,陕西
手机很好用，照相功能强大，运行速度很快。老妈很喜欢！,2023-01-28 20:01:27,5星评论,8GB+256GB,Not Found ip
物流很快，机子挺好用，迅速很快。,2022-12-10 11:39:51,5星评论,12GB+256GB,Not Found ip
手机质量挺好，内存也实用，物流挺快的，非常满意,2023-01-11 20:01:55,5星评论,12GB+256GB,Not Found ip
简配，没有耳机，有个透明的壳。新旧手机数据传递很方便,2023-03-11 13:41:40,5星评论,8GB+256GB,Not Found ip
服务很好，物流也很快，看手机到了之后感觉跟好。攒攒攒,2022-12-20 18:07:03,5星评论,12GB+256GB,Not Found ip
物流非常快，手机是正品，非常好用，商家服务也好，值得购买,2022-12-31 20:02:46,5星评论,12GB+256GB,Not Found ip
朋友推荐买的，看了评价都不错，快递也很快，拆包手感不错，样子也大气，还未使用，先给个好评。,2022-11-11 18:55:28,5星评论,12GB+256GB,Not Found ip
发货快，手机质量高，电量大，音量也很大。满意满意满意满意满意。,2022-11-22 14:28:27,5星评论,12GB+256GB,Not Found ip
快递及时，收到后手感不错，反应也很快，内存大,2023-04-02 11:32:45,5星评论,8GB+256GB,河北
很满意的一次购物，质量很好，价格也很实惠，值得购买。,2023-01-31 18:20:59,5星评论,8GB+256GB,Not Found ip
手机非常能打，续航好，绿色好好看,2023-04-20 11:29:56,5星评论,12GB+256GB,安徽
可以，特地下裁了王者来打了一下可以很顺手呢,2022-11-27 14:52:15,5星评论,8GB+256GB,Not Found ip
运行很好。速度快。拍照清晰。性价比非常高。,2023-03-03 18:41:43,5星评论,8GB+256GB,Not Found ip
很好很好的手机，推荐给大家一起看看。,2023-03-27 02:08:03,5星评论,8GB+256GB,福建
非常好看特别喜欢好看啊啊啊啊啊绝绝子  爱了,2023-01-16 00:06:50,5星评论,12GB+256GB,Not Found ip
音质非常好，手感合适，相机目前够用，游戏不在话下,2023-05-02 22:01:05,5星评论,12GB+256GB,海外
昨天到的，今天拿的，京东快递真的很快，我是小米八入的坑?。至今一直用小米的手机。非常棒。,2023-01-17 18:12:45,5星评论,12GB+256GB,Not Found ip
手机己收到了，内存很大，用起来很流畅，声音也大声。物流也很快，。,2023-01-06 20:09:36,5星评论,12GB+256GB,Not Found ip
手机今天收到了 ，，物流很快，是我喜欢的颜色,2023-03-08 23:44:06,5星评论,12GB+256GB,Not Found ip
价格也不是特别贵，嗯，用起来感觉还挺放心的，各方面也是非常好，之前用的也是这一系列放心,2023-01-27 20:01:22,5星评论,8GB+256GB,Not Found ip
非常好用，很流畅，物流也很快，以后会再买的,2023-01-12 17:42:16,5星评论,12GB+256GB,Not Found ip
刚收到货，迫不及待的打开手机，发货速度很快，包装的也很好，手机非常流畅，用着非常舒服,2023-03-25 19:50:35,5星评论,12GB+256GB,河南
手机很好，用起来很流畅，很不错,2023-03-26 22:38:18,5星评论,12GB+256GB,广西
收到货了，是全新原装。67w充电很快。主要手机颜值特别高，价格也非常美丽?,2023-03-12 09:23:42,5星评论,8GB+256GB,Not Found ip
物流很快，昨天刚买的，今天就到了，而且看了外观造型也很漂亮，非常可靠,2023-03-06 16:30:47,5星评论,8GB+256GB,Not Found ip
手机很漂亮，老人很喜欢。,2023-01-18 11:32:21,5星评论,12GB+256GB,Not Found ip
爱了爱了。弟弟很喜欢。爱不释手，手机很轻，运行流畅很满意的一次购物体验。,2023-03-27 17:14:32,5星评论,12GB+256GB,河南
非常漂亮，物美价廉，非常满意的一次购物,2023-03-16 19:56:57,5星评论,8GB+256GB,Not Found ip
产品质量，客服服务态度特别好，很喜欢，好评,2022-12-26 21:21:17,5星评论,12GB+256GB,Not Found ip
真的好喜欢，之前男朋友买了一台觉得很好用，现在又给爸爸买一台,2023-01-11 14:11:41,5星评论,8GB+256GB,Not Found ip
尺码很标准，颜色也很好看，穿着舒服，面料软软的,2023-03-18 16:30:27,5星评论,8GB+256GB,重庆
这款手机性价比是真高，比我旧的那个好多了，反应很快，值得购买。,2023-01-26 20:13:54,5星评论,12GB+256GB,Not Found ip
特别好，性价比很高，支持购买,2023-01-31 15:41:00,5星评论,12GB+256GB,Not Found ip
手机很好，很丝滑，不错，是正品,2022-12-19 10:36:54,5星评论,12GB+256GB,Not Found ip
手机已收到，物流很快，手机保护的很好。,2023-03-22 20:33:43,5星评论,8GB+256GB,辽宁
物流很快才2天就到了，手机手感也挺好的，手机的颜色也很好看,2022-12-11 16:33:48,5星评论,12GB+256GB,Not Found ip
很好的手机，有送充电线和充电头,2023-01-29 16:15:33,5星评论,8GB+256GB,Not Found ip
红米K40S，小米粉丝的最爱。。毋庸置疑的爱,2023-03-20 19:28:43,5星评论,8GB+256GB,辽宁
用起来手感不错也很流畅！性价比没得说！,2023-04-02 11:29:03,5星评论,12GB+256GB,江苏
非常不错的机子，很好用，性价比很高,2023-02-05 20:49:08,5星评论,12GB+256GB,Not Found ip
很好，满意，愉快的一次网购！,2023-03-23 06:57:51,5星评论,8GB+256GB,河北
非常好，非常好看，买这个是送给妈妈的非常喜欢,2023-01-12 17:22:03,5星评论,12GB+256GB,Not Found ip
手机性价比很高，很流畅，价格很便宜。推荐大家购买，反应速度快。,2022-12-11 18:36:06,5星评论,12GB+256GB,Not Found ip
手机运行流畅，使用体验非常满意,2023-03-31 14:31:51,5星评论,8GB+256GB,山东
运行速度：性价比超高的一款手机。爱了，爱了,2023-01-11 15:04:59,5星评论,12GB+256GB,Not Found ip
手机非常满意，颜色好看，一直喜欢用小米手机。,2022-12-21 20:31:34,5星评论,12GB+256GB,Not Found ip
非常好，物超所值，这个价格买到很划算！,2023-03-30 14:26:13,5星评论,12GB+256GB,河南
手机收到了，很好，用起来很流畅，很好用，值得购买。,2022-12-11 20:25:24,5星评论,12GB+256GB,Not Found ip
很不错，画质很清楚，是高刷，也是骁龙870的，一切都不错,2023-02-03 10:50:25,5星评论,12GB+256GB,Not Found ip
手机收到了，体验很好,2022-12-26 18:38:09,5星评论,12GB+256GB,Not Found ip
非常好用，再次回购，用起来非常流畅啊啊啊啊啊啊啊啊啊好用的一笔,2023-03-30 15:42:00,5星评论,12GB+256GB,江苏
终于收到货了，非常非常喜欢，做工精致漂亮，已经被很多人夸了，真的太开心了，已经是他家的忠实粉丝了，以后还会继续买买买的,2022-12-31 13:03:50,5星评论,12GB+256GB,Not Found ip
速度很快，晚上买的，第二天晚上出库，第四天早上到这，手机挺不错，跟描述相符，给个好评,2023-03-14 11:17:41,5星评论,8GB+256GB,Not Found ip
用了几天在来评论的，用着挺不错的，充电很快,2023-01-26 12:06:03,5星评论,12GB+256GB,Not Found ip
拍照效果好，外观好看，很喜欢,2023-01-25 12:54:09,5星评论,12GB+256GB,Not Found ip
发货快，手机质量很好，家人喜欢。包装精致。点赞?,2023-03-24 20:21:08,5星评论,12GB+256GB,美国
宝贝收到了，包装很结实，应该是个好东西，先给好评了宝贝收到了，包装很结实，应该是个好东西，先给好评了,2023-02-14 08:16:39,5星评论,12GB+256GB,Not Found ip
物流特别快，服务特别好，价格特别便宜 外形外观：很好看,2022-12-13 13:44:34,5星评论,12GB+256GB,Not Found ip
质量非常好，完全超出期望值，发货速度非常快，包装非常仔细、严实，很满意的一次购物,2022-10-24 19:25:00,5星评论,12GB+256GB,Not Found ip
物流速度很快，服务态度很好，商品质量也很好，拿着很大气，物美价廉！,2023-03-28 13:59:32,5星评论,12GB+256GB,河南
啥也不想说了。就包装还行，另外送货上门的小哥值得给满星。,2023-02-04 16:13:50,1星评论,12GB+256GB,Not Found ip
挺好的，非常流畅，挺喜欢的！,2022-11-28 16:04:25,5星评论,12GB+256GB,Not Found ip
拍照效果好，屏幕很清晰，发货速度也很快。强烈推荐这款性价比超高的手机,2023-03-28 14:45:47,5星评论,12GB+256GB,安徽
不错哦 非常好 推荐大家购买 而且像素特别好 内存大,2022-11-05 01:11:07,5星评论,12GB+256GB,Not Found ip
手机收到物美价廉，原装正品，用了两天非常流畅，赠品也很满意,2023-03-13 20:23:19,5星评论,12GB+256GB,Not Found ip
信价比超高的一款小米手机，用了几天体验感一级棒，能满足我的要求。,2023-03-23 10:05:26,5星评论,12GB+256GB,美国
百亿补贴购买的，相当划算，手机很流畅，很好用。,2023-04-10 11:57:04,5星评论,8GB+256GB,上海
手机给家人买的，家人很满意，,2023-03-10 10:51:50,5星评论,8GB+128GB,Not Found ip
是正品很好用，价格便宜了很多，性价比超高，真的特别划算，包装也很高端大气上档次，值得购买,2023-03-30 12:00:24,5星评论,12GB+256GB,湖南
外形好看有形，红米性价比很好,2023-02-09 20:46:14,5星评论,12GB+256GB,Not Found ip
手感很好，手机很流畅，屏幕分辨率很高。,2023-03-27 11:04:22,5星评论,12GB+256GB,河南
屏幕清晰，外形好看，拍照流畅，处理器相当牛，充电时间非常快，大内存双扬声器，非常满意的购物。,2023-04-03 10:05:49,5星评论,12GB+256GB,美国
物流速度很快，手机很好用，性价比高，价格实惠，值得购买。,2023-03-28 14:39:45,5星评论,12GB+256GB,安徽
手机很快，像素很不错，这个手机买的很满意！,2023-04-18 10:20:13,5星评论,8GB+256GB,海外
手机很好 声音也挺大运行流畅 非常不错的选择 红米没让我失望过,2023-04-22 20:43:31,5星评论,12GB+256GB,北京
很好用，我妹妹很喜欢，打游戏很流畅，,2023-02-05 13:06:03,5星评论,12GB+256GB,Not Found ip
黑色机身很漂亮，物流很给力,2022-12-14 16:55:53,5星评论,12GB+256GB,Not Found ip
非常好的手机上，速度快，存储空间大，颜值爆表。,2022-12-06 11:10:58,5星评论,12GB+256GB,Not Found ip
手机给老妈买的，老年模式非常满意，拍照清楚，速度非常快,2023-03-26 14:14:50,5星评论,12GB+256GB,河南
物流非常快，手机很流畅，价格悠美、适合游戏,2023-03-26 19:09:27,5星评论,12GB+256GB,河南
一直都在用小米手机，非常不错。这次给孩子买的，用着好用，,2023-04-08 08:59:33,5星评论,8GB+256GB,广西
性价比很不错，之前买的手机很贵也一般就贵在拍照功能，现在打算买相机了所以手机买个性价比好的就?了,2023-03-25 20:22:54,5星评论,8GB+256GB,广西
高端大气上档次，低调奢华有内涵，，你值得拥有,2022-12-26 20:29:39,5星评论,12GB+256GB,Not Found ip
物有所值，性价比很高。,2023-04-24 14:21:06,5星评论,8GB+256GB,河南
发货速度快，质量挺好的，和卖家描述的一样，非常满意,2022-12-23 00:43:23,5星评论,12GB+256GB,Not Found ip
便宜又实惠，买了好多，宝贝一如既往的好?，性价比非常高，大品牌值得信赖?一下子买两只,2022-10-24 19:24:13,5星评论,12GB+256GB,Not Found ip
是理想中的产品?，质量不错，物流也很快，值得点赞！,2022-11-19 10:05:23,5星评论,12GB+256GB,Not Found ip
手机收到了，是正品速度很快。,2023-02-27 08:19:11,5星评论,12GB+256GB,Not Found ip
外观大方漂亮，运行速度快，性价比很高,2022-11-16 19:57:20,5星评论,12GB+256GB,Not Found ip
手机很好，别的店铺要么没货要么溢价严重这个店很不错，还送碎屏险,2023-02-07 14:17:47,5星评论,12GB+256GB,Not Found ip
"大品牌，用起来很放心，质量非常好，赶上活动购买非常的划算,客服真的很不错哦～",2023-01-07 16:15:17,5星评论,12GB+256GB,Not Found ip
是理想中的产品，质量不错，物流也很快，值得点赞很快就到了，全新正品?，包装很仔细，没有问题,2023-02-25 19:14:24,5星评论,12GB+256GB,Not Found ip
收到快递了，非常满意，,2022-10-19 07:57:22,5星评论,8GB+256GB,Not Found ip
手机像素太棒了，运行也快，又拍了一部送给老爸,2022-12-21 20:44:30,5星评论,12GB+256GB,Not Found ip
手机很好用  手感不错  值得购买,2022-11-15 09:52:33,5星评论,12GB+256GB,Not Found ip
支持小米，第4个小米手机了，给父亲买的很好，很划算,2023-01-13 09:19:31,5星评论,12GB+256GB,Not Found ip
手机运行很流畅，非常满意,2023-03-28 13:27:29,5星评论,8GB+256GB,上海
不错不错，电话手感很好。厚度的喜欢,2022-12-11 12:47:25,5星评论,12GB+256GB,Not Found ip
发货很快，及时收到了，没有耽误国际航班,2023-02-10 17:05:01,5星评论,12GB+256GB,Not Found ip
很好，是正品这款手机性价比非常高，非常满意,2023-03-07 16:28:05,5星评论,12GB+256GB,Not Found ip
非常开心的一次网购，物美价廉好用，杠杠的。,2023-03-15 09:17:14,5星评论,8GB+256GB,Not Found ip
老板发货速度快，包装完美，弟弟很喜欢,2023-03-25 13:25:01,5星评论,12GB+256GB,河南
小米的老用户了，买了给老人用的，特别好,2023-01-13 09:37:00,5星评论,12GB+256GB,Not Found ip
很奈斯，用着不错，手感很好,2023-03-27 20:03:15,5星评论,8GB+256GB,甘肃
质量非常好，完全超出期望值，发货速度非常快，包装非常仔细、严实，很满意的一次购物,2023-01-04 22:06:48,5星评论,12GB+256GB,Not Found ip
手机收到，非常流畅，很满意的一次购物,2023-03-25 17:52:36,5星评论,8GB+256GB,黑龙江
宝贝不错，用起来很好可以放心购买,2023-01-19 16:48:42,5星评论,12GB+256GB,Not Found ip
手机不错，用起来很流畅，非常可以。,2022-12-04 07:51:03,5星评论,12GB+256GB,Not Found ip
手机各方面都很满意！非常好！,2023-04-29 15:02:57,5星评论,12GB+256GB,黑龙江
外形外观：外形尺寸标准和详情说的一样 屏幕音效：非常好 屏幕亮度自动调节 新音效有很多特色 拍照效果：拍照还不错，夜景不错 运行速度：运行速度特别快，12G用着特别好 待机时间：待机时间真的不错，很给力 其他特色：白色的机身很加分，很好看,2023-02-03 10:07:08,5星评论,12GB+256GB,Not Found ip
一直用小米，质量可靠。很满意。,2022-12-30 10:32:05,5星评论,12GB+256GB,Not Found ip
非常流畅非常好用 物有所值,2023-01-04 19:24:45,5星评论,12GB+256GB,Not Found ip
家人非常喜欢，已推荐朋友购买,2023-01-07 09:31:45,5星评论,12GB+256GB,Not Found ip
品牌不错，性价比很高！大家快来购买！,2022-12-30 12:33:07,5星评论,12GB+256GB,Not Found ip
和期待的一样好，物流也很快,2022-12-26 17:09:26,5星评论,12GB+256GB,Not Found ip
挺合适的，父亲很满意,2023-02-16 15:05:41,5星评论,12GB+256GB,Not Found ip
用着很舒服，这个价比很划算。,2022-11-21 14:42:21,5星评论,12GB+256GB,Not Found ip
手机已收到，非常满意，性价比特高,2023-03-16 11:20:47,5星评论,8GB+256GB,Not Found ip
京东物流很快，手机很好用支持,2023-04-01 21:43:54,5星评论,8GB+256GB,山东
非常不错哦用了几天  价格实惠,2023-01-15 22:01:43,5星评论,12GB+256GB,Not Found ip
手机非常好运行速度快,2023-02-02 14:08:35,5星评论,8GB+128GB,Not Found ip
很不错可以外观也不错,2022-12-23 17:56:25,5星评论,12GB+256GB,Not Found ip
买了两个手机，性价比很高,2023-04-20 13:11:53,5星评论,8GB+256GB,广东
东西很好，性价比超高的,2023-03-26 23:47:37,5星评论,12GB+256GB,河南
东西非常不错，快递也给力，,2022-11-19 06:48:43,5星评论,12GB+256GB,Not Found ip
手机非常好。性价比高。,2023-01-12 08:13:08,5星评论,12GB+256GB,Not Found ip
物美价廉，很棒！！！,2023-02-04 08:29:46,5星评论,12GB+256GB,Not Found ip
手机很好   物流很快,2023-01-04 17:47:28,5星评论,12GB+256GB,Not Found ip
外形外观：大气中规中矩 屏幕音效：屏幕清晰柔和 拍照效果：拍照亮度可以 运行速度：速度可人脑子,2023-01-10 00:12:03,5星评论,12GB+256GB,Not Found ip
电量一天一充，王者农药流畅，手感不错，外观喜欢。,2023-01-03 11:22:55,5星评论,12GB+256GB,Not Found ip
外观漂亮，系统流畅，一次愉快的购物体验！ 拍照效果：清晰 运行速度：快 待机时间：长,2022-10-22 14:34:15,5星评论,12GB+256GB,Not Found ip
红米k40s 等了好久才抢到的 性能巴适 这个颜色也好看 充电半个小时就充满了 日常使用没毛病,2023-01-12 15:28:17,5星评论,8GB+256GB,Not Found ip
用起来挺流畅的，颜色也好看，给妈妈完全够用了，重量适中，屏幕清晰,2023-01-10 20:42:55,5星评论,8GB+256GB,Not Found ip
手机不错，有高刷就是不一样，配送及时，快递小哥很赞 外形外观：大而薄 屏幕音效：杜比就是不一样,2023-01-07 20:29:12,5星评论,12GB+256GB,Not Found ip
快递服务一流，手机运行速度快，充电速度快，电池容量大，续航时间长，手感好，值得购买！,2022-12-17 12:17:51,5星评论,8GB+128GB,Not Found ip
一直用小米的手机，这款对于我来说配置足够了，界面流畅，电池耐用，再也不用带充电器去上班了,2022-10-23 18:12:20,5星评论,12GB+256GB,Not Found ip
外观好看大气，性能好，待电时间长，拍照效果不错，运行速度快,2023-03-08 18:51:38,5星评论,8GB+256GB,Not Found ip
炫酷背面，真心好看 拍照效果，直接看图，中规中矩~ 电池续航，表现不错 充电兼容，表现不错,2023-03-20 21:20:09,5星评论,12GB+256GB,浙江
手机质量不错，简约大气，外观时尚，运行速度不卡顿，值得购买。,2023-02-10 20:48:02,5星评论,12GB+256GB,Not Found ip
挺好的 给妈妈买的 比较喜欢 查过了是正品放心用 外观也好看哈哈哈,2023-03-12 16:57:31,5星评论,8GB+256GB,Not Found ip
12+256！这款骁龙处理器比较稳定，外观和颜色都很好看，不选贵的，只选择对的，够用就可！,2022-11-10 11:53:36,5星评论,12GB+256GB,Not Found ip
买给父母用的，小米性价比高，续航屏幕性能都够用，直接闭眼入,2023-01-21 14:56:41,5星评论,12GB+256GB,Not Found ip
外形外观：除了没有耳机孔，其他的都很好。下次记得要留个耳机孔。 屏幕音效：音效的话听起来不错。 运行速度：运行速度也可以。 待机时间：待机时间的话也差不多能用一天。,2023-02-16 11:43:03,5星评论,12GB+256GB,Not Found ip
看着还行，宝贝收到了，包装很结实，应该是个好东西，先给好评了,2023-03-17 21:12:01,5星评论,8GB+256GB,四川
手机到了，快递是真快，用了两天升级了miui14，确实很流畅，也不烫，就是电池不太经用 4500mha摆在这里的，手机还是比较好用，也比较高级，售后情况看我以后追评,2023-04-26 17:09:32,5星评论,12GB+256GB,云南
手机轻薄，手感不错，屏幕大，运行速度快，拍照清晰,2023-03-05 13:10:06,5星评论,8GB+256GB,Not Found ip
冲着870芯片买的，一台经历市场检验的稳定运行兼顾性能的神机，屏幕挺大，看着挺舒服。,2022-10-04 10:16:08,5星评论,12GB+256GB,Not Found ip
手机完好，性能强悍，流畅，续航长，使用体验不错。,2023-02-23 08:11:43,5星评论,12GB+256GB,Not Found ip
物流还是很亏，就是买了几天没发货，发货两天就到了，外观保护都没有，还好没摔坏哦。,2022-12-25 20:28:46,5星评论,8GB+256GB,Not Found ip
用了几天，发现没什么问题，挺流畅的，推荐购买。,2023-01-28 18:42:42,5星评论,12GB+256GB,Not Found ip
已收到货物，确定是新机，这个机子给老妈用刚刚好,2023-01-11 15:51:35,5星评论,12GB+256GB,Not Found ip
外形外观：大小合适，手感好 屏幕音效：音质清晰 拍照效果：相素清晰,2023-03-24 18:04:07,5星评论,12GB+256GB,山东
手机收到了，试机了，充电快，反应灵敏。值得信赖,2022-11-19 15:03:06,5星评论,12GB+256GB,Not Found ip
性价比还可以，主要是便宜。质量相对于价位说得过去。,2023-03-14 13:14:50,5星评论,8GB+256GB,Not Found ip
总体来说产品还是很有竞争力，外形也中规中矩，系统流畅，查了一下是正品，店家发货速度还是挺快的，物流也比计划早送到，折腾几个小时删软件，装软件，希望使用一段时间不要出啥问题，能继续保持流程的系统。,2022-10-06 19:08:46,5星评论,12GB+256GB,Not Found ip
刚刚启用，效果待体验，感觉不错！,2023-04-18 12:19:36,5星评论,12GB+256GB,湖南
运行流畅不卡顿 外观大气时尚  电池耐用 客服态度好 好评 外形外观：好,2023-02-12 16:07:16,5星评论,12GB+256GB,Not Found ip
性价比之王，同价格配置最高，电池没有想象中持久，待机状态下还行，快充还是非常给力的，总体体验感不错。,2023-02-24 15:15:34,5星评论,8GB+256GB,Not Found ip
买了不到一个月，多次死机。一天要充好几次电，还不如我的旧手机。,2023-03-26 07:31:00,1星评论,12GB+256GB,天津
老板发货快，快递给力。喜换这款手机，一直种草呢，犹豫在K50和K40S之间。因为这款手机 U 是骁龙的，而且价格优惠一点。尤其是对我来说，硬件已经够用了。小米的系统是我用起来最贴合的。价格合适，推荐购买。,2022-10-19 23:53:36,5星评论,12GB+256GB,Not Found ip
挺好，虽然上市两年多但是性能够用，质感不错，办公备用机足够，内存也大,2023-04-21 17:25:35,5星评论,8GB+256GB,江苏
手机不错，没问题，性价比高，运行速度快,2022-12-16 18:13:11,5星评论,12GB+256GB,Not Found ip
外形外观：好看 运行速度：不卡流畅 待机时间：待机时间长,2023-03-10 19:51:20,5星评论,8GB+256GB,Not Found ip
用起来很方便，还行吧，目前没有什么问题，后续会继续发表使用性能的,2023-03-30 14:26:59,5星评论,8GB+128GB,山西
东西收到了。感觉还行。第一天用的时候电量用的很快，可能是没有充满吧。不过充的挺快的。,2023-01-04 11:36:42,5星评论,12GB+256GB,Not Found ip
手感不错，待机时间长，预装软件太多！！！,2023-02-09 00:10:33,5星评论,8GB+256GB,Not Found ip
刚开始用，暂时感觉都可以，拍照效果一般。玩游戏都可以，可能是新机。,2023-01-31 10:08:44,5星评论,12GB+256GB,Not Found ip
挺好的，电池很抗用，充电很快，虽然相机一般，但是知足了，很对得起这个价位。,2022-12-09 09:03:46,5星评论,12GB+256GB,Not Found ip
挺好的，给爸妈买的，都挺满意，屏幕效果不错,2023-04-07 23:07:13,5星评论,8GB+256GB,重庆
手机质量不错外观也还可以   性价比挺不错的   这个价格值得拥有,2023-02-13 08:46:09,5星评论,12GB+256GB,Not Found ip
好用，物流也挺快，第二次购买了,2023-01-19 14:47:22,5星评论,12GB+256GB,Not Found ip
用了几天嗯，挺不错的，性能也还好，中高标准日常使用没有问题,2023-02-06 20:40:56,5星评论,12GB+256GB,Not Found ip
物流真给力，两天就收到了。机子还没有用，应该没问题吧,2022-12-28 15:45:11,5星评论,12GB+256GB,Not Found ip
性价比确实不错，屏幕只能说能用，不追求像素的话相机也能拍的清楚，但是建议大家还是不要为了省钱而选择性价比哈哈。,2023-01-02 18:17:50,5星评论,12GB+256GB,Not Found ip
手机用一段，各功能还行，再用段时间看看，目前还是满意的,2023-04-01 23:39:32,5星评论,8GB+256GB,河南
一路从Notr7，note9Pro，到k40s，品质遇见遇好。屏幕和音效有了长足进步。,2023-01-02 22:14:29,5星评论,8GB+256GB,Not Found ip
货真价实，物流快速，手机与商家描述的一样,2023-04-16 21:59:26,5星评论,8GB+256GB,广西
水桶机，喜欢直屏，且对手机没有特殊要求的，闭眼选择！,2023-03-19 09:18:33,5星评论,8GB+256GB,江苏
手感还不错，比想象中的好,2022-11-27 15:00:14,5星评论,12GB+256GB,Not Found ip
手机用起来还不错，顺畅。,2023-01-06 14:04:17,5星评论,12GB+256GB,Not Found ip
还不错，之前买的红米k40，不是游戏增强版，差不多，感觉，主要是物流竟然给我发的是真的很满意的,2023-01-26 13:59:36,5星评论,12GB+256GB,Not Found ip
手机昨天收到了，用了今天第二天了，感觉挺好的，就是很多软件自己不熟悉。,2023-02-23 17:57:21,5星评论,12GB+256GB,Not Found ip
手机速度快，摄像清楚，音量大，画质清晰，收到货后没有破损，不错的一次购物,2023-01-01 14:05:18,5星评论,12GB+256GB,Not Found ip
物流速度快 上手简单 电池容量够 够日常生活使用了,2023-01-15 15:30:14,5星评论,8GB+256GB,Not Found ip
运行速度快，显示清晰，不打游戏，游戏体验不清楚,2022-11-06 09:15:58,5星评论,12GB+256GB,Not Found ip
大爱红米的高性价比，美观大方，电池容量高，以后继续支持小米,2023-02-05 11:23:32,5星评论,8GB+128GB,Not Found ip
不错 新机正品 流畅 充电快,2023-02-06 21:27:11,5星评论,12GB+256GB,Not Found ip
手机不错，经济实惠值得拥有,2023-01-09 22:08:04,5星评论,12GB+256GB,Not Found ip
物流速度挺快，外观也可，客服服务挺好,2023-01-08 17:19:27,5星评论,12GB+256GB,Not Found ip
东西还行，有点大，值得下手购买。,2022-12-29 16:57:00,5星评论,12GB+256GB,Not Found ip
这款性价比真高，配置大，内存高，运行速度快,2023-03-29 22:18:43,5星评论,12GB+256GB,甘肃
手机用了感觉不错，值得推荐。,2023-04-05 11:11:32,5星评论,8GB+256GB,辽宁
手机不错，物流也还好，商家服务态度也好,2023-01-18 16:12:31,5星评论,12GB+256GB,Not Found ip
还是华为系统好用，这个小米手机做工也不错，,2023-01-31 16:33:30,5星评论,12GB+256GB,Not Found ip
查了一下，是正品，挺满意的,2023-03-03 19:03:27,5星评论,8GB+256GB,Not Found ip
外形挺好，手感有点苹果的感觉，其他还是不错。,2023-01-03 10:14:27,5星评论,12GB+256GB,Not Found ip
手机收到了，挺好的，性价比高！,2022-11-06 17:23:17,5星评论,12GB+256GB,Not Found ip
反应速度快，原装未拆封是正品，物流速度十分快，下次还会回购,2022-10-19 14:14:43,5星评论,12GB+256GB,Not Found ip
手感不错，用起来顺畅，挺满意发货速度也快,2023-04-11 11:21:53,5星评论,8GB+256GB,四川
货已收到  东西不错,2023-03-16 13:41:39,5星评论,8GB+256GB,Not Found ip
不错，下次再买。。。。,2023-02-18 13:49:44,5星评论,12GB+256GB,Not Found ip
速度比自营店给力，从自营店转单过来的，还比自营店便宜，是全新正品,2022-12-25 18:39:26,5星评论,12GB+256GB,Not Found ip
第一次用小米刚觉还不错,2022-12-12 22:22:21,5星评论,12GB+256GB,Not Found ip
小米的机子做?真不错???,2022-11-19 11:31:23,5星评论,12GB+256GB,Not Found ip
不错，手机薄 大，充电速度快，性价比高,2023-02-17 20:44:47,5星评论,12GB+256GB,Not Found ip
挺好用的，小米手机性价比就是高，期待小米的下一代新机&hellip;,2023-04-01 22:50:40,5星评论,12GB+256GB,河南
外形外观：可以 运行速度：快,2022-12-12 11:31:49,5星评论,12GB+256GB,Not Found ip
手感不错，系统也很流畅，拍照也好,2023-02-02 19:08:21,4星评论,12GB+256GB,Not Found ip
手机挺好的，挺流畅的，满满的好评,2023-02-05 09:35:47,5星评论,8GB+256GB,Not Found ip
东西是昨晚买的 第二天下午就到了 看了好久还是选择k40s,2023-01-26 15:55:23,5星评论,8GB+256GB,Not Found ip
手感不错，支持国货，续电也不错,2023-01-28 21:10:16,5星评论,12GB+256GB,Not Found ip
感觉不错，用一段时间再来评价。,2023-02-08 19:07:30,5星评论,12GB+256GB,Not Found ip
清晰度比较好，不错的一款手机，值得购买,2022-12-03 14:06:20,5星评论,12GB+256GB,Not Found ip
查验过了是正品，感觉不错，没让我失望,2023-04-07 11:19:06,5星评论,12GB+256GB,美国
外壳摸起来手感不太舒服 其他还不错,2023-01-26 10:51:13,5星评论,12GB+256GB,Not Found ip
看起来还可以，用起来也不戳,2022-10-06 19:02:17,5星评论,12GB+256GB,Not Found ip
先用几天再来，现在看起来应该不错,2023-03-10 13:04:16,5星评论,12GB+256GB,Not Found ip
京东买手机，东西质量有保证，送货速度快！,2023-03-18 11:38:22,5星评论,8GB+256GB,上海
给老人买的，比之前的好用多了,2023-04-08 22:36:37,5星评论,8GB+256GB,浙江
手感好，性价比比较高的一款手机,2023-03-08 23:18:35,5星评论,12GB+256GB,Not Found ip
手机挺好的，小米一直都是性价比高的手机,2023-04-19 19:31:55,5星评论,12GB+256GB,陕西
手机不错，价格实惠，性能也不错,2022-12-11 18:38:18,5星评论,12GB+256GB,Not Found ip
手机不错，是正品，运行速度快,2023-02-05 19:51:13,5星评论,12GB+256GB,Not Found ip
性能优异，价格合适，推荐购买,2023-01-13 21:58:59,5星评论,12GB+256GB,Not Found ip
用着还可以 第三个红米了,2023-04-11 18:27:03,5星评论,8GB+256GB,陕西
不错，比小米官网便宜不少呢。挺好用的。,2022-12-21 10:04:32,4星评论,12GB+256GB,Not Found ip
挺好，买了好几个K40了，这次换个S试试,2022-10-31 10:04:30,5星评论,12GB+256GB,Not Found ip
还可以吧，毕竟这个价位也不便宜,2023-01-17 10:44:28,5星评论,12GB+256GB,Not Found ip
买来送人的，说用着还行。,2023-03-12 05:27:13,4星评论,12GB+256GB,Not Found ip
正品，新机，速度快，价格实惠,2022-12-18 12:19:45,5星评论,12GB+256GB,Not Found ip
买给家长的，看起来不错,2023-01-29 11:01:30,5星评论,12GB+256GB,Not Found ip
设备不错值得拥有。。。,2023-03-13 22:20:55,5星评论,8GB+256GB,Not Found ip
性价比高，一如既往的满意。,2023-01-08 18:16:24,5星评论,12GB+256GB,Not Found ip
一直用小米，小米的好用,2023-01-17 12:32:21,5星评论,12GB+256GB,Not Found ip
东西不错，发货速度不错,2023-01-28 19:39:42,5星评论,12GB+256GB,Not Found ip
物有所值 值得推荐！,2023-03-15 11:01:52,5星评论,12GB+256GB,Not Found ip
用了k40两年多了，一点不卡，老婆换手机果断给她买了K40s 而且8+256的才1709元，比6+128还便宜300，真香,2023-03-13 20:44:12,5星评论,8GB+256GB,Not Found ip
这个手机比官网便宜了一两百，质量还是挺不错的，刚刚闹一场乌龙，以为这个是后封的机器，但是才发现自己搞混了&mdash;我爷爷他们把赠送的手机卡放在了手机盒里面，让我以为这个是他们加到手机盒里面然后重新塑封的，不过最后我问了之后才知道，是我爷爷他们自己放的,2023-03-17 18:19:06,5星评论,8GB+256GB,四川
拍照的避雷吧照片会变黄晚上很糊充电线跟耳机是一个孔看个人需求吧,2023-03-25 22:28:03,5星评论,12GB+256GB,广东
配送速度一流，给妈妈买的，差点把她大门牙给乐掉了 ～ 父母开心子女就开心～,2023-03-30 22:58:59,5星评论,12GB+256GB,河南
骁龙870?256存储才1719元!还要啥自行车啊！,2023-03-09 20:26:40,5星评论,8GB+256GB,Not Found ip
看上去不错！K30.红米note9.10.11.都用过希,2022-10-06 20:09:38,5星评论,12GB+256GB,Not Found ip
待机时间：待机时间长,2022-12-24 14:32:29,5星评论,12GB+256GB,Not Found ip
三码合一未激活非展示机，安全下车,2023-03-28 10:00:49,5星评论,8GB+256GB,天津
除了有时候不知道哪里在放音乐其他没问题,2023-04-25 11:00:06,5星评论,8GB+256GB,山东
可算拿到了，还没有用，用后追评。,2022-11-01 14:58:06,5星评论,12GB+256GB,Not Found ip
目前刚用，不晓得效果咋样，先用用看,2023-04-27 14:38:23,5星评论,8GB+256GB,福建
刚刚去入手，用3年无压力,2022-12-27 15:23:50,5星评论,12GB+256GB,Not Found ip
刚拿到手，后续再来评认。,2023-04-04 19:19:13,5星评论,8GB+256GB,湖南
收到货了，试试看先。,2023-04-14 10:56:12,5星评论,8GB+256GB,广东
手机已收到全新机Beautiful,2023-03-18 19:10:14,5星评论,8GB+256GB,广东
手机运行有点卡。骁龙870处理器都运行卡。别的都还好 充满电用了一天 感觉不如我的小米6,2023-04-03 20:07:43,5星评论,8GB+256GB,江苏
买来的时候乱七八糟的软件特别多  除了这些基本没缺点  盗版的软件一大堆,2023-04-25 13:40:00,5星评论,12GB+256GB,江西
我相当不满意 建议辞退 还让我自己去取 快递员坐车里玩手机 害得我等了一上午 手机挺好 就是不满意配送员,2023-01-31 18:19:01,5星评论,12GB+256GB,Not Found ip
和相像的差不多吧，总是还习惯用小米的产品！,2023-01-27 17:12:47,5星评论,8GB+256GB,Not Found ip
手机续航还是差了点，重度使用的话用不了一天，67w快充够用,2023-01-13 19:55:58,4星评论,12GB+256GB,Not Found ip
试用了一下，感觉还行，就是屏幕有点大，不太好握持,2023-04-20 08:52:43,4星评论,12GB+256GB,福建
用了一天，别的方面感觉还行，只有续航感觉不是很好，，，,2023-04-05 21:57:28,5星评论,8GB+256GB,河北
说实话，手机感觉有时候会卡机，就像大脑一样反应不过来,2023-04-09 23:33:41,5星评论,12GB+256GB,美国
新换的手机电池不耐用，和我现在用了4年的这个手机电池使用时间差不多，这是我不能理解的。,2023-03-06 10:39:45,1星评论,12GB+256GB,Not Found ip
不知道为什么****不管用。费了好大的周章，最后用其他的途径才换机成功。,2023-02-18 10:27:35,5星评论,12GB+256GB,Not Found ip
双12买的，生产日期10月份的，和我的预期不一样,2022-12-15 22:05:42,5星评论,12GB+256GB,Not Found ip
客服态度好，就物流稍微慢了点,2023-01-18 17:36:07,5星评论,12GB+256GB,Not Found ip
发货很慢，大家不要买了,2023-01-30 20:36:38,1星评论,8GB+256GB,Not Found ip
手机太卡，我买才几天就降价了，还不给退差价,2022-11-06 19:14:40,1星评论,8GB+256GB,Not Found ip
刷评论的店，晒图给10块钱，手机电池不行，怀疑手机有问题，服务非常差，大家少买,2023-03-22 22:07:41,1星评论,8GB+256GB,江苏
真的很差，我有一个老华为，就是现在用这个，五年前一千买的，不知道装了多少软件，没卡过，但音质不好，买了这个小米，然后只有抖音，挂qq，这新手机竟然卡的一停一停的,2023-04-24 13:14:25,2星评论,8GB+256GB,辽宁
拿回来打不了电话，说插了卡就激活了，不允许七天无理由，要厂家检测确认质量问题才允许退货，结果检测出来没问题，当时这个打不了电话是很多人看到的，还专门找了其他人帮忙看，到现在也没没有给一个合理解释，就说手机检测没有问题，投诉到京东都没用,2023-03-23 11:44:10,1星评论,8GB+256GB,广东
里边带很多奇怪软件 抖音极速版 快手极速版 百度极速版 说是系统自带  收货当天连上WiFi 就退换不了  说是影响二次销售  新买手机开机已占用30G  其他占8 8G,2022-10-23 19:43:05,1星评论,12GB+256GB,Not Found ip
外形外观：很喜欢白色 屏幕音效：不错 拍照效果：可以满足日常使用 运行速度：还算能打 待机时间：目前来说挺好的,2023-02-16 17:41:50,5星评论,12GB+256GB,Not Found ip
运行速度：快 外形外观：好看 待机时间：长 拍照效果：一般 其他特色：首次开机有多余软件,2023-03-11 17:26:58,5星评论,8GB+256GB,Not Found ip
一直用小米，这次购买是参加了百亿补贴，各个平台最优惠方案，果断入手。机器是骁龙870处理器，888就不考虑了，四年前的855手机退役了，更换这部操作还不错。本人不打游戏，追求简约操作方便还得是小米。第一次在京东买手机满意的体验。,2023-03-12 21:12:36,5星评论,8GB+256GB,Not Found ip
外形外观：作为千元机外观是很能打的，边框一点都不大，看着不错 屏幕音效：屏幕最高亮度不够，其他还好，室外可能强制降低亮度,2023-03-03 22:41:14,5星评论,12GB+256GB,Not Found ip
宝贝收到后很满意，外形颜色也很喜欢，挑选好多家，果然没看错，希望把好物分享给大家??外观设计漂亮，尺寸大小合适，包装仔细完整，宝贝手感不错，感觉很好，发货速度快，服务态度一流，给力！5星好评！,2023-03-07 19:37:48,5星评论,8GB+256GB,Not Found ip
今天一收到货就迫不及待的打开包装，就目前这款产品作以下评价。 外包装:运输用的减震隔震包装很结实。 内包装:包装完好，塑封等都很结实。 屏幕及音效:120Hz的刷新速度确实让人很喜欢，立体音效看电影太有感觉了。 拍照效果:那更是不在话下。 运行速度:骁龙870的处理器+8GB的运存处理日常各类App更是无与伦比。 其他特色:AI大师画质引擎这个功能很值得拥有。,2022-12-31 12:13:30,5星评论,8GB+128GB,Not Found ip
手机非常流畅，质量非常不错，反应速度非常快，物流速度也很快，内存大拍照清晰,2023-03-26 13:18:53,5星评论,12GB+256GB,河南
续航时间长，反应快，配送也及时，手感也很好，用了快半个月了，值得购买,2023-04-02 15:30:13,5星评论,12GB+256GB,陕西
手机非常流畅，质量非常好，反应非常快，物流速度非常快，内存大，拍照清晰。,2023-03-26 13:10:51,5星评论,12GB+256GB,河南
物流快，快递小哥态度好！产品轻巧薄，美观，价位适宜，常用功能满足，大品牌，值的信赖！刚更换17年10月买红米pro第一代机，小米品牌好用，，，，牛，选择小米手机???对对对,2023-04-09 16:02:43,5星评论,8GB+256GB,福建
很喜欢 推荐 晴雪配色很好看 对象很喜欢 推荐购买 nice 真的不错  是正品,2023-02-12 17:52:05,5星评论,12GB+256GB,Not Found ip
东西很不错，给长辈买的，人家说用起来很流畅，镜头拍照清晰如下图，性价比不错,2023-02-14 20:21:49,5星评论,12GB+256GB,Not Found ip
手机非常好，拍照不错，手机反应很快，之前的手机~老是闪退，性价比很高,2023-03-26 14:49:22,5星评论,12GB+256GB,河南
外形外观：很漂亮，美观大方！ 运行速度：速度很快！,2022-10-11 21:28:03,5星评论,12GB+256GB,Not Found ip
手机收到，不错,2022-12-20 11:37:11,5星评论,8GB+256GB,Not Found ip
蓝色妖姬 发货极速 价格经济实惠价 外观漂亮大方惊艳  ！！！,2022-11-05 20:03:24,5星评论,12GB+256GB,Not Found ip
不错发货极速 手机价格便宜！运行速度 外观漂亮大方！！！,2022-11-05 19:59:58,5星评论,12GB+256GB,Not Found ip
质量很好哦，发货也很快，一家非常喜欢的店铺，我要疯狂推荐给朋友们质量很好哦，发货也很快，一家非常喜欢的店铺，我要疯狂推荐给朋友们,2023-04-12 10:51:28,5星评论,12GB+256GB,河南
速度很快，就是包装稍简陋点，其他都OK,2023-01-09 10:12:05,5星评论,12GB+256GB,Not Found ip
相当的OK,2023-04-01 13:12:30,5星评论,8GB+256GB,广东
手机是正品  手感也很好  非常满意的一次购物  下次有需要还回来,2023-03-26 14:41:32,5星评论,12GB+256GB,江苏
很好很好非常好的一款产品值得购买下次继续购买推荐朋友购买！！,2023-03-28 14:13:25,5星评论,12GB+256GB,陕西
全新未激活,2023-03-08 17:47:51,5星评论,12GB+256GB,Not Found ip
一直用小米的产品，性价比质量都很高，值得拥有。。。。。,2022-10-31 11:54:02,5星评论,12GB+256GB,Not Found ip
非常好 物流挺快的,2022-12-12 15:58:48,5星评论,12GB+256GB,Not Found ip
挺好的，挺喜欢的,2023-01-18 19:48:33,5星评论,12GB+256GB,Not Found ip
不错外观漂亮满意,2023-04-27 11:37:33,5星评论,8GB+256GB,辽宁
灰常好，就是有点发烫,2022-11-13 13:20:31,5星评论,12GB+256GB,Not Found ip
手机收到，正品。,2023-01-20 00:06:04,5星评论,12GB+256GB,Not Found ip
性价比之王，#克拉斯，买就完了,2022-12-10 12:42:50,5星评论,12GB+256GB,Not Found ip
很不戳,2023-03-15 13:27:38,5星评论,12GB+256GB,Not Found ip
手机不错，就是发货速度比较慢,2022-10-08 12:38:11,4星评论,8GB+256GB,Not Found ip
手机很好 妈妈很喜欢！,2022-10-11 18:51:25,5星评论,12GB+256GB,Not Found ip
手机很好用,2023-02-26 11:59:50,5星评论,12GB+256GB,Not Found ip
手机还可以，,2022-11-27 17:14:55,5星评论,12GB+256GB,Not Found ip
很棒 手感很好,2023-03-17 11:42:55,5星评论,8GB+256GB,Not Found ip
完美,2023-01-01 12:55:19,5星评论,12GB+256GB,Not Found ip
挺好的,2022-11-03 11:06:45,5星评论,12GB+256GB,Not Found ip
感觉还行,2023-03-14 11:43:49,5星评论,8GB+256GB,Not Found ip
可以,2023-03-08 14:14:10,5星评论,8GB+256GB,Not Found ip
希望下次能合作购买,2023-03-28 15:15:25,5星评论,8GB+256GB,河南
这个价格买到值了！,2022-11-26 20:44:49,5星评论,12GB+256GB,Not Found ip
好评非常感谢三码合一下次还会回购！！！,2023-01-07 18:13:12,5星评论,12GB+256GB,Not Found ip
老爸生日买的礼物，等待他的反馈,2023-03-26 12:01:26,5星评论,8GB+256GB,重庆
等我用久一点我再来评,2023-02-27 19:55:12,5星评论,8GB+256GB,Not Found ip
不想给你满评，怕你骄傲,2023-02-18 10:20:26,5星评论,12GB+256GB,Not Found ip
很好用买给老人家的,2023-04-01 11:34:09,5星评论,8GB+256GB,广东
等了好多天，终于到了，不错,2022-12-12 11:22:55,5星评论,12GB+256GB,Not Found ip
打游戏可开高画质,2023-03-14 14:49:54,5星评论,8GB+256GB,Not Found ip
手机用的非常满意,2023-03-08 15:10:14,5星评论,12GB+256GB,Not Found ip
等用几天看看好不好,2023-01-09 17:55:11,5星评论,12GB+256GB,Not Found ip
好看 爸爸很喜欢,2023-04-24 20:02:00,5星评论,12GB+256GB,广东
手感不错，性能稳定,2023-02-18 10:59:28,5星评论,12GB+256GB,Not Found ip
非常的优秀的手机,2023-02-03 11:13:14,5星评论,12GB+256GB,Not Found ip
这个价位还行吧,2023-03-25 21:20:22,4星评论,8GB+256GB,广东
体验良好，不错不错,2023-01-12 11:44:34,5星评论,8GB+256GB,Not Found ip
非常棒！手机收到了！,2022-12-21 13:26:08,4星评论,12GB+256GB,Not Found ip
官方正品特别耐用,2022-12-20 11:54:19,5星评论,12GB+256GB,Not Found ip
挺不错的，喜欢,2023-04-10 06:22:17,5星评论,8GB+256GB,山西
服务非常周到,2023-04-08 11:11:41,5星评论,12GB+256GB,辽宁
手机不错很好用？,2023-02-03 18:38:04,5星评论,12GB+256GB,Not Found ip
配送速度很快,2023-04-01 09:20:26,5星评论,8GB+128GB,广东
运行速度：挺不错的,2022-11-27 19:25:29,5星评论,12GB+256GB,Not Found ip
外观好看，充电快,2023-01-07 12:05:10,5星评论,12GB+256GB,Not Found ip
挺漂亮的手机。,2023-02-14 08:04:26,5星评论,8GB+256GB,Not Found ip
还可以，很丝滑,2023-01-26 09:35:21,5星评论,12GB+256GB,Not Found ip
手机挺好的,2023-03-27 15:55:12,5星评论,8GB+256GB,河北
手机速度很快,2023-01-12 10:15:12,5星评论,12GB+256GB,Not Found ip
这手机好牛,2023-03-14 11:47:43,5星评论,12GB+256GB,Not Found ip
非常的不错。,2023-01-31 16:23:39,5星评论,12GB+256GB,Not Found ip
非常不错，870yyds,2023-04-08 19:14:53,5星评论,12GB+256GB,乌干达
看着不错,2023-03-26 14:06:18,5星评论,8GB+256GB,河南
运行速度：很快,2022-10-27 22:47:05,5星评论,12GB+256GB,Not Found ip
非常满意,2023-03-01 01:10:48,5星评论,12GB+256GB,Not Found ip
好用，速度也快，,2022-10-17 01:24:18,5星评论,12GB+256GB,Not Found ip
手机不错,2023-02-14 18:04:31,5星评论,8GB+128GB,Not Found ip
要好啊,2023-04-24 21:31:34,5星评论,8GB+256GB,山东
改可以吧,2023-02-09 21:34:32,5星评论,12GB+256GB,Not Found ip
值得信赖,2023-02-03 22:19:28,5星评论,12GB+256GB,Not Found ip
还可以吧,2023-01-14 14:19:27,5星评论,12GB+256GB,Not Found ip
可以的,2023-03-26 22:43:31,5星评论,8GB+256GB,广西
刚用一天,2022-12-05 15:47:26,5星评论,12GB+256GB,Not Found ip
非常好,2023-02-07 16:38:20,5星评论,12GB+256GB,Not Found ip
挺好的,2023-01-12 16:12:42,5星评论,12GB+256GB,Not Found ip
很满意,2023-01-09 17:14:10,5星评论,12GB+256GB,Not Found ip
挺好的,2023-01-05 06:47:57,5星评论,12GB+256GB,Not Found ip
特别流畅,2022-10-24 13:20:32,5星评论,12GB+256GB,Not Found ip
都可以,2023-01-02 17:32:15,5星评论,12GB+256GB,Not Found ip
一般,2023-02-20 13:35:36,5星评论,12GB+256GB,Not Found ip
好用！,2023-02-07 12:26:27,5星评论,12GB+256GB,Not Found ip
满意。,2023-02-04 08:52:41,5星评论,12GB+256GB,Not Found ip
完全OK,2023-02-02 18:17:18,5星评论,8GB+128GB,Not Found ip
还行,2023-01-31 13:26:26,5星评论,8GB+256GB,Not Found ip
好,2023-04-11 09:47:20,5星评论,12GB+256GB,河南
很好,2023-01-17 13:21:17,5星评论,12GB+256GB,Not Found ip
不错,2023-01-13 19:13:24,5星评论,12GB+256GB,Not Found ip
还没入手的小伙伴就建议别买这家了，手机整体性价比还是挺不错的，就是妥妥的后封机。应该是退货后重新包装在发的，手机坏了需要急用就没有退货。慎买这家,2022-11-16 09:20:45,1星评论,12GB+256GB,Not Found ip
很好,2022-11-08 09:09:16,5星评论,12GB+256GB,Not Found ip
好,2022-10-21 11:12:33,5星评论,8GB+256GB,Not Found ip
感觉电用得很快,2023-03-18 16:12:57,3星评论,12GB+256GB,贵州
**的京东补贴，比别平台贵了一百多。差评。建议另一个平台购买,2023-04-08 16:32:26,1星评论,8GB+256GB,福建
垃圾的很，骗你先下单，服务一点都不好。大家注意了,2023-04-07 16:13:45,1星评论,8GB+256GB,江西
屏幕断触,2023-01-29 13:05:49,1星评论,12GB+256GB,Not Found ip
凑合,2023-02-04 11:27:29,3星评论,12GB+256GB,Not Found ip
收，发货超慢,2023-04-18 19:59:56,1星评论,12GB+256GB,广东
买贵了,2022-11-24 21:23:43,1星评论,12GB+256GB,Not Found ip
**商家，我都没收到货他给我来个订单已完成，这也是我见过最慢的物流，20多天了都还在运输中。,2022-11-08 18:25:01,1星评论,12GB+256GB,Not Found ip
刚买没多久的K40s，~和系统不兼容，经常闪退，刷~有时也会这样，续航可以,2023-03-22 11:14:14,3星评论,8GB+256GB,广东
简直就是垃圾中的垃圾，程序不是闪退，就是无响应，找客服新机叫我恢复出厂设置。。还叫我拿到实体店测试。简直吧无语了,2022-11-03 09:34:39,1星评论,12GB+256GB,Not Found ip
唉?，消费谁不是为了自己开心，我花了钱买新手机，还要再花钱去验机是不是二手机，里面有没有问题，钱来之不易啊，这就是现实的不听老人言，吃亏在眼前，明明评论里面就已经有了最好的回答。,2023-01-31 11:29:43,1星评论,12GB+256GB,Not Found ip
我只能说这手机真的LJ，费电太快了，比我苹果都快，而且我要申请退货，还问我拆没拆，没拆我怎么使用，真的是无语了，还说连WIFI就是激活了啊，我不理解，连一下是把手机所有信息都卖了还是怎么了？还要开具官方检测报告，真的服了，比~百亿补贴还差劲，最好别来这家买了。,2023-03-26 09:51:35,1星评论,8GB+256GB,湖北
